id;name;url;user_id
1;Wijn;https://253qv1sx4ey389p9wtpp9sj0-wpengine.netdna-ssl.com/wp-content/uploads/2015/01/GettyImages-80992924-700x461.jpg;eb6e37b1-9d8b-4f87-a680-0b5e6921fa4f
2;Puzzel;https://media.s-bol.com/7QMXX79ygzB/550x405.jpg;eb6e37b1-9d8b-4f87-a680-0b5e6921fa4f
3;Nog een spel;https://www.computerhope.com/jargon/r/random-dice.jpg;eb6e37b1-9d8b-4f87-a680-0b5e6921fa4f
4;Wijn;https://253qv1sx4ey389p9wtpp9sj0-wpengine.netdna-ssl.com/wp-content/uploads/2015/01/GettyImages-80992924-700x461.jpg;eb6e37b1-9d8b-4f87-a680-0b5e6921fa4f
5;Puzzel;https://media.s-bol.com/7QMXX79ygzB/550x405.jpg;eb6e37b1-9d8b-4f87-a680-0b5e6921fa4f
6;Nog een spel;https://www.computerhope.com/jargon/r/random-dice.jpg;eb6e37b1-9d8b-4f87-a680-0b5e6921fa4f
7;Wijn;https://253qv1sx4ey389p9wtpp9sj0-wpengine.netdna-ssl.com/wp-content/uploads/2015/01/GettyImages-80992924-700x461.jpg;eb6e37b1-9d8b-4f87-a680-0b5e6921fa4f
8;Puzzel;https://media.s-bol.com/7QMXX79ygzB/550x405.jpg;eb6e37b1-9d8b-4f87-a680-0b5e6921fa4f
9;Nog een spel;https://www.computerhope.com/jargon/r/random-dice.jpg;eb6e37b1-9d8b-4f87-a680-0b5e6921fa4f
10;Wijn;https://253qv1sx4ey389p9wtpp9sj0-wpengine.netdna-ssl.com/wp-content/uploads/2015/01/GettyImages-80992924-700x461.jpg;eb6e37b1-9d8b-4f87-a680-0b5e6921fa4f
11;Puzzel;https://media.s-bol.com/7QMXX79ygzB/550x405.jpg;eb6e37b1-9d8b-4f87-a680-0b5e6921fa4f
12;Nog een spel;https://www.computerhope.com/jargon/r/random-dice.jpg;eb6e37b1-9d8b-4f87-a680-0b5e6921fa4f
13;Wijn;https://253qv1sx4ey389p9wtpp9sj0-wpengine.netdna-ssl.com/wp-content/uploads/2015/01/GettyImages-80992924-700x461.jpg;eb6e37b1-9d8b-4f87-a680-0b5e6921fa4f
14;Puzzel;https://media.s-bol.com/7QMXX79ygzB/550x405.jpg;eb6e37b1-9d8b-4f87-a680-0b5e6921fa4f
15;Nog een spel;https://www.computerhope.com/jargon/r/random-dice.jpg;eb6e37b1-9d8b-4f87-a680-0b5e6921fa4f
16;Wijn;https://253qv1sx4ey389p9wtpp9sj0-wpengine.netdna-ssl.com/wp-content/uploads/2015/01/GettyImages-80992924-700x461.jpg;eb6e37b1-9d8b-4f87-a680-0b5e6921fa4f
17;Puzzel;https://media.s-bol.com/7QMXX79ygzB/550x405.jpg;eb6e37b1-9d8b-4f87-a680-0b5e6921fa4f
18;Nog een spel;https://www.computerhope.com/jargon/r/random-dice.jpg;eb6e37b1-9d8b-4f87-a680-0b5e6921fa4f
19;Wijn;https://253qv1sx4ey389p9wtpp9sj0-wpengine.netdna-ssl.com/wp-content/uploads/2015/01/GettyImages-80992924-700x461.jpg;eb6e37b1-9d8b-4f87-a680-0b5e6921fa4f
20;Puzzel;https://media.s-bol.com/7QMXX79ygzB/550x405.jpg;eb6e37b1-9d8b-4f87-a680-0b5e6921fa4f
21;Nog een spel;https://www.computerhope.com/jargon/r/random-dice.jpg;eb6e37b1-9d8b-4f87-a680-0b5e6921fa4f
